{"cameraMode":{"drawMode":0,"name":"Shaded","section":"Shading Mode"},"sceneLighting":true,"audioPlay":false,"sceneViewState":{"showFog":true,"showMaterialUpdate":false,"showSkybox":true,"showFlares":true,"showImageEffects":true,"showParticleSystems":true},"in2DMode":false,"pivot":{"x":542.8201293945313,"y":220.1122283935547,"z":-22.67529296875},"rotation":{"x":-0.02880488894879818,"y":-0.008398827165365219,"z":0.0002421590470476076,"w":-0.9995497465133667},"size":777.3297119140625,"orthographic":false}